[{"model": "woman.woman", "pk": 1, "fields": {"title": "Анджелина Джоли", "slug": "andzhelina-dzholi", "photo": "", "content": "Биография Анджелины Джоли", "time_create": "2025-02-01T14:52:36.471Z", "time_update": "2025-02-18T09:41:21.130Z", "is_published": true, "cat": 1, "boyfriend": 1, "author": null, "tags": [2, 3, 5]}}, {"model": "woman.woman", "pk": 2, "fields": {"title": "Марго Робби", "slug": "margo-robbi", "photo": "", "content": "Биография Марго Робби", "time_create": "2025-02-01T15:02:58.036Z", "time_update": "2025-02-18T09:46:40.724Z", "is_published": true, "cat": 1, "boyfriend": 2, "author": null, "tags": [2]}}, {"model": "woman.woman", "pk": 3, "fields": {"title": "Джулия Робертс", "slug": "dzhulia-roberts", "photo": "", "content": "Биография Джулии Робертс", "time_create": "2025-02-01T15:04:04.129Z", "time_update": "2025-02-04T19:09:20.305Z", "is_published": false, "cat": 1, "boyfriend": 3, "author": null, "tags": []}}, {"model": "woman.woman", "pk": 4, "fields": {"title": "Ума Турман", "slug": "uma-turman", "photo": "", "content": "Биография Умы Турман", "time_create": "2025-02-01T19:12:48.915Z", "time_update": "2025-02-04T19:09:20.299Z", "is_published": true, "cat": 1, "boyfriend": 4, "author": null, "tags": []}}, {"model": "woman.woman", "pk": 5, "fields": {"title": "Ульяна Vershyga", "slug": "ulyana-vershyga", "photo": "", "content": "Ульяна Vershyga(англ. Ulyana Vershyga; род. 10 января 2005, Нижний Тагил, Свердловская область, Россия) - Российская журналистка, участница премии \"ШУМ\", обладательница диплома \"Золотой Гонг\" (первая журналистка в Нижнем Тагиле, победившая сразу в двух номинациях) \r\nЗаработала миллион в двадцать лет", "time_create": "2025-02-05T09:24:15.371Z", "time_update": "2025-02-05T09:26:06.108Z", "is_published": true, "cat": 3, "boyfriend": 5, "author": null, "tags": []}}, {"model": "woman.woman", "pk": 6, "fields": {"title": "Леди Гага", "slug": "ledi-gaga", "photo": "", "content": "Биография Леди Гаги", "time_create": "2025-03-01T10:17:01.232Z", "time_update": "2025-03-01T10:17:01.232Z", "is_published": true, "cat": 2, "boyfriend": null, "author": null, "tags": []}}, {"model": "woman.woman", "pk": 7, "fields": {"title": "Лолита", "slug": "lolita", "photo": "", "content": "Биография Лолиты", "time_create": "2025-03-01T11:38:55.371Z", "time_update": "2025-03-01T11:38:55.371Z", "is_published": true, "cat": 2, "boyfriend": null, "author": null, "tags": [2, 6]}}, {"model": "woman.woman", "pk": 8, "fields": {"title": "tetr", "slug": "jhgjghk", "photo": "", "content": "eryetwe", "time_create": "2025-03-04T13:03:33.171Z", "time_update": "2025-03-04T13:03:33.171Z", "is_published": true, "cat": 1, "boyfriend": null, "author": null, "tags": []}}, {"model": "woman.woman", "pk": 9, "fields": {"title": "knjfkljfgk", "slug": "lkljkbxc", "photo": "", "content": "dskghjfdhdsj", "time_create": "2025-03-06T18:37:27.174Z", "time_update": "2025-03-06T18:37:27.174Z", "is_published": true, "cat": 1, "boyfriend": null, "author": null, "tags": []}}, {"model": "woman.woman", "pk": 10, "fields": {"title": "Шарлиз Терон", "slug": "sharliz-teron", "photo": "photos/2025/03/10/sharliz.jpg", "content": "Биография Шарлиз Терон", "time_create": "2025-03-10T07:32:17.662Z", "time_update": "2025-03-10T07:32:17.662Z", "is_published": true, "cat": 1, "boyfriend": null, "author": null, "tags": [1, 3]}}, {"model": "woman.woman", "pk": 11, "fields": {"title": "dsfjkhdsjkh", "slug": "jfdkhgjfdk", "photo": "", "content": "jklfdhkjdf", "time_create": "2025-03-22T12:03:44.427Z", "time_update": "2025-03-22T12:03:44.427Z", "is_published": true, "cat": 1, "boyfriend": null, "author": null, "tags": []}}, {"model": "woman.woman", "pk": 12, "fields": {"title": "dfkjhsdkh", "slug": "kjsdkhfjd", "photo": "", "content": "kjfdkhgjkdf", "time_create": "2025-03-22T12:05:11.480Z", "time_update": "2025-03-22T12:05:11.480Z", "is_published": true, "cat": 1, "boyfriend": null, "author": null, "tags": []}}]