[{"model": "woman.tagpost", "pk": 1, "fields": {"tag": "Блондинки", "slug": "blonde"}}, {"model": "woman.tagpost", "pk": 2, "fields": {"tag": "Брюнетки", "slug": "brunetky"}}, {"model": "woman.tagpost", "pk": 3, "fields": {"tag": "Оскар", "slug": "oskar"}}, {"model": "woman.tagpost", "pk": 4, "fields": {"tag": "Олимпиада", "slug": "olimpiada"}}, {"model": "woman.tagpost", "pk": 5, "fields": {"tag": "Высокие", "slug": "visokie"}}, {"model": "woman.tagpost", "pk": 6, "fields": {"tag": "Средние", "slug": "srednie"}}, {"model": "woman.tagpost", "pk": 7, "fields": {"tag": "Низкие", "slug": "niskie"}}]